{
  "eye": {
    "orientation": [
      -0.07768137007951736,
      0.33277779817581177,
      -0.03313302993774414,
      0.9392160773277283
    ],
    "magnitude": 0.5773502588272095,
    "position": [
      781.3386840820312,
      153.56222534179688,
      950.1907958984375
    ]
  },
  "radius": 200,
  "type": "ORTHOGRAPHIC"
}