{
  "eye": {
    "orientation": [
      -0.37601086497306824,
      -0.6020987629890442,
      -0.23878376185894012,
      0.6626275777816772
    ],
    "magnitude": 0.5773502588272095,
    "position": [
      -186.1410675048828,
      341.82476806640625,
      103.60545349121094
    ]
  },
  "radius": 200,
  "type": "ORTHOGRAPHIC"
}