{
  "eye": {
    "orientation": [
      0,
      0,
      0,
      1
    ],
    "magnitude": 0.5773502588272095,
    "position": [
      0,
      0,
      542.5546264648438
    ]
  },
  "radius": 200,
  "type": "ORTHOGRAPHIC"
}