{
  "eye": {
    "orientation": [
      0,
      -0.7071068286895752,
      0,
      0.7071068286895752
    ],
    "magnitude": 0.5773502588272095,
    "position": [
      -425.2130126953125,
      0,
      2.5344674213556573E-5
    ]
  },
  "radius": 200,
  "type": "ORTHOGRAPHIC"
}