{
  "eye": {
    "orientation": [
      -0.12719249725341797,
      -0.032882969826459885,
      0.005294524598866701,
      0.9913187026977539
    ],
    "magnitude": 0.5773502588272095,
    "position": [
      -35.58310317993164,
      134.6646270751953,
      516.2890014648438
    ]
  },
  "radius": 200,
  "type": "ORTHOGRAPHIC"
}