{
  "eye": {
    "orientation": [
      0.15395060181617737,
      -0.1981334090232849,
      -0.07676651328802109,
      0.9649608135223389
    ],
    "magnitude": 0.5773502588272095,
    "position": [
      -81.68417358398438,
      -26.8309326171875,
      211.0693359375
    ]
  },
  "radius": 200,
  "type": "ORTHOGRAPHIC"
}