{
  "eye": {
    "orientation": [
      0.15966109931468964,
      0.5140588283538818,
      0.8209540843963623,
      0.19048957526683807
    ],
    "magnitude": 0.5773502588272095,
    "position": [
      71.22786712646484,
      136.48049926757812,
      70.98114776611328
    ]
  },
  "radius": 100,
  "type": "ORTHOGRAPHIC"
}