{
  "eye": {
    "orientation": [
      0,
      0,
      0,
      1
    ],
    "magnitude": 0.5773502588272095,
    "position": [
      -52.34992980957031,
      -32.239891052246094,
      3.425979855364858E-8
    ]
  },
  "radius": 100,
  "type": "ORTHOGRAPHIC"
}