{
  "eye": {
    "orientation": [
      0.35723623633384705,
      -0.07889924943447113,
      -0.5529338121414185,
      -0.7486130595207214
    ],
    "magnitude": 0.5773502588272095,
    "position": [
      -14.285512924194336,
      53.84308624267578,
      121.01219940185547
    ]
  },
  "radius": 100,
  "type": "ORTHOGRAPHIC"
}