{
  "eye": {
    "orientation": [
      0.18342919647693634,
      0.022426260635256767,
      -0.03252721205353737,
      0.9822387099266052
    ],
    "magnitude": 0.5773502588272095,
    "position": [
      23.29111099243164,
      -261.4842834472656,
      673.5298461914062
    ]
  },
  "radius": 100,
  "type": "ORTHOGRAPHIC"
}