{
  "eye": {
    "orientation": [
      0,
      0,
      0,
      1
    ],
    "magnitude": 0.5773502588272095,
    "position": [
      -5.132002830505371,
      -4.169753074645996,
      25
    ]
  },
  "radius": 100,
  "type": "ORTHOGRAPHIC"
}