{
  "eye": {
    "orientation": [
      0.23498457670211792,
      0.28049391508102417,
      0.10115902870893478,
      0.9251336455345154
    ],
    "magnitude": 1,
    "position": [
      51.3227424621582,
      -34.238468170166016,
      66.31038665771484
    ]
  },
  "radius": 100,
  "type": "ORTHOGRAPHIC"
}