{
  "eye": {
    "orientation": [
      0.36219343543052673,
      0.6224431395530701,
      -0.5700786709785461,
      0.39546284079551697
    ],
    "magnitude": 0.5773502588272095,
    "position": [
      21.949440002441406,
      -275.5553894042969,
      -10.301072120666504
    ]
  },
  "paths": [{
    "key": 3,
    "keyFrames": [
      {
        "orientation": [
          0.21204526722431183,
          -0.15949563682079315,
          0.03510736674070358,
          0.9635173082351685
        ],
        "magnitude": 0.7670880556106567,
        "position": [
          -120.20785522460938,
          -34.853702545166016,
          13.72622299194336
        ],
        "time": 0
      },
      {
        "orientation": [
          0.21204526722431183,
          -0.15949565172195435,
          0.03510736674070358,
          0.9635173082351685
        ],
        "magnitude": 0.5773502588272095,
        "position": [
          -78.92523956298828,
          -113.29287719726562,
          231.8645782470703
        ],
        "time": 1
      }
    ]
  }],
  "ortho": false,
  "radius": 100,
  "visualHints": 11
}