{
  "eye": {
    "orientation": [
      0.07906641811132431,
      -0.021026121452450752,
      0.0016680541448295116,
      0.9966461658477783
    ],
    "magnitude": 0.5773502588272095,
    "position": [
      -38.51830291748047,
      -23.911531448364258,
      197.2635498046875
    ]
  },
  "paths": [],
  "ortho": false,
  "radius": 100,
  "visualHints": 3
}